{
  "num_trajectories": 10,
  "return_stats": {
    "mean": 11070.520854960983,
    "std": 89.43907299178487,
    "min": 10910.627908838775,
    "max": 11191.546175631682
  },
  "length_stats": {
    "mean": 1000.0,
    "std": 0.0,
    "min": 1000.0,
    "max": 1000.0
  }
}